	2022-04-07,70105711.06
	2022-04-06,73122631.62
	2022-04-05,92189341.15
	2022-04-04,121020829.86
	2022-04-03,146803280.37
	2022-04-02,133896913
	2022-04-01,124943766.3
	2022-03-31,130474557.32
	2022-03-30,88877993.01
	2022-03-29,91743495.44
	2022-03-28,78865237.7
	2022-03-27,102091433.18
	2022-03-26,99669377.5
	2022-03-25,81136180.8
	2022-03-24,99521504.96
	2022-03-23,77832247.46
	2022-03-22,68502364.42
	2022-03-21,68442379.39
	2022-03-20,78603506.52
	2022-03-19,107330017.15
	2022-03-18,113900770.72
	2022-03-17,136147185.75
	2022-03-16,90648955.71
	2022-03-15,61920158.41
	2022-03-14,48162069.61
	2022-03-13,57160850.46
	2022-03-12,62855454.56
	2022-03-11,82700086.08
	2022-03-10,43634965.5
	2022-03-09,57100638.28
	2022-03-08,52561187.43
	2022-03-07,57706963.51
	2022-03-06,43136669.86
	2022-03-05,55772452.07
	2022-03-04,76735992.4
	2022-03-03,62498467.52
	2022-03-02,70061300.66
	2022-03-01,65564407.9
	2022-02-28,63771399.5
	2022-02-27,86041381.55
	2022-02-26,76016554.17
	2022-02-25,92453380.67
	2022-02-24,91916497.18
	2022-02-23,117496576.75
	2022-02-22,86417289.02
	2022-02-21,103915194.25
	2022-02-20,75446423.14
	2022-02-19,68694651.63
	2022-02-18,83786288.7
	2022-02-17,79080421.03
	2022-02-16,88886269.29
	2022-02-15,97235226.13
	2022-02-14,80225145.58
	2022-02-13,92434996.56
	2022-02-12,104683341.69
	2022-02-11,92146226.16
	2022-02-10,132851694.89
	2022-02-09,84311051.97
	2022-02-08,104981493.26
	2022-02-07,180120832.23
	2022-02-06,106552461.08
	2022-02-05,113335882.12
	2022-02-04,144717117.7
	2022-02-03,140359082.31
	2022-02-02,164307814.85
	2022-02-01,214591008.68
	2022-01-31,219285846.51
	2022-01-30,184520892.64
	2022-01-29,166361901
	2022-01-28,149255546.38
	2022-01-27,149428760.57
	2022-01-26,154108247.5
	2022-01-25,171726777.87
	2022-01-24,90862161.05
	2022-01-23,88233816.67
	2022-01-22,79526699.94
	2022-01-21,125244698.8
	2022-01-20,164352158.51
	2022-01-19,170862299.93
	2022-01-18,113245327.29
	2022-01-17,121486793.43
	2022-01-16,149230233.77
	2022-01-15,141165342.19
	2022-01-14,168127673.36
	2022-01-13,139354954.98
	2022-01-12,189922925.7
	2022-01-11,187096106.29
	2022-01-10,110708171.04
	2022-01-09,131963616.41
	2022-01-08,141713951.85
	2022-01-07,111146758.54
	2022-01-06,131257409.49
	2022-01-05,139570062.4
	2022-01-04,177258271.93
	2022-01-03,172131035.26
	2022-01-02,185095361.64
	2022-01-01,153032259.53
	2021-12-31,114306293.39
	2021-12-30,105649444.23
	2021-12-29,104363863.49
	2021-12-28,97693161.31
	2021-12-27,98727498.56
	2021-12-26,113451115.94
	2021-12-25,61505082.69
	2021-12-24,78094785.46
	2021-12-23,89975751.64
	2021-12-22,74683768.89
	2021-12-21,60681175.07
	2021-12-20,59427122.4
	2021-12-19,66747413.35
	2021-12-18,79186020.16
	2021-12-17,95893718.25
	2021-12-16,80234068.25
	2021-12-15,88753933.07
	2021-12-14,114629735.24
	2021-12-13,144767745.41
	2021-12-12,85397710.89
	2021-12-11,58956907.94
	2021-12-10,75186718.99
	2021-12-09,99547915.16
	2021-12-08,85876772.72
	2021-12-07,76663999.31
	2021-12-06,79921163.35
	2021-12-05,62871460.6
	2021-12-04,64574666.89
	2021-12-03,81988540.68
	2021-12-02,79033412.6
	2021-12-01,83364733.77
	2021-11-30,102108423.71
	2021-11-29,97766285.39
	2021-11-28,85962640.21
	2021-11-27,75404891.27
	2021-11-26,73372082.96
	2021-11-25,79522631.09
	2021-11-24,92710085.95
	2021-11-23,88963012.78
	2021-11-22,115585347.87
	2021-11-21,115418561.23
	2021-11-20,100150335.09
	2021-11-19,99115971.53
	2021-11-18,98052534.37
	2021-11-17,129731661.39
	2021-11-16,132309905.24
	2021-11-15,105817681.23
	2021-11-14,140551708.34
	2021-11-13,125410672.47
	2021-11-12,85559131.43
	2021-11-11,79498089.84
	2021-11-10,84146308.03
	2021-11-09,73384894.46
	2021-11-08,90247469.78
	2021-11-07,79203667.36
	2021-11-06,75521843.75
	2021-11-05,80711512.97
	2021-11-04,92020923.99
	2021-11-03,72358129.16
	2021-11-02,72342792.95
	2021-11-01,61220147.11
	2021-10-31,62933466.76
	2021-10-30,51576522.48
	2021-10-29,59749580.44
	2021-10-28,65000090.77
	2021-10-27,62169085.36
	2021-10-26,64822626.46
	2021-10-25,68554290
	2021-10-24,71596454.65
	2021-10-23,84766432.99
	2021-10-22,76551283.31
	2021-10-21,72641781.98
	2021-10-20,70077483.97
	2021-10-19,69409639.93
	2021-10-18,79385905.51
	2021-10-17,85982604.72
	2021-10-16,73501830.95
	2021-10-15,94859078.05
	2021-10-14,99896162.59
	2021-10-13,114386278.63
	2021-10-12,89964588.55
	2021-10-11,85986491.58
	2021-10-10,86799992.79
	2021-10-09,109051456.72
	2021-10-08,118827964.42
	2021-10-07,149870846.51
	2021-10-06,118063856.69
	2021-10-05,155841910.95
	2021-10-04,158809732.5
	2021-10-03,150762422.09
	2021-10-02,123446074.73
	2021-10-01,119979803
	2021-09-30,126113763.67
	2021-09-29,102784363.32
	2021-09-28,107960494.02
	2021-09-27,119445297.7
	2021-09-26,85703395.03
	2021-09-25,78692663.45
	2021-09-24,82680068.98
	2021-09-23,84680196.66
	2021-09-22,72830151.12
	2021-09-21,65394040.25
	2021-09-20,63046951.22
	2021-09-19,92567808.71
	2021-09-18,91902615.73
	2021-09-17,79631865.16
	2021-09-16,122124929.91
	2021-09-15,122225492.72
	2021-09-14,84839300.47
	2021-09-13,98105653.82
	2021-09-12,70447111.57
	2021-09-11,75620627.22
	2021-09-10,82948654.72
	2021-09-09,104510957.64
	2021-09-08,108797684.27
	2021-09-07,123307296.36
	2021-09-06,139395744.65
	2021-09-05,150689696.88
	2021-09-04,170503026.05
	2021-09-03,161874867.78
	2021-09-02,206902290.8
	2021-09-01,209286812.55
	2021-08-31,231520968.55
	2021-08-30,281443179.25
	2021-08-29,321904882.62
	2021-08-28,463345427.38
	2021-08-27,227133340.25
	2021-08-26,168822427.78
	2021-08-25,196750645.68
	2021-08-24,216637862.08
	2021-08-23,303860180.33
	2021-08-22,135598531.07
	2021-08-21,136290448.94
	2021-08-20,118200290.32
	2021-08-19,76070962.12
	2021-08-18,81912260.2
	2021-08-17,79236999.99
	2021-08-16,76464490.42
	2021-08-15,407511192.59
	2021-08-14,96557765.89
	2021-08-13,83926634.73
	2021-08-12,81565102.74
	2021-08-11,90268334.03
	2021-08-10,95051663.28
	2021-08-09,108366758.51
	2021-08-08,106624320.48
	2021-08-07,103258882.56
	2021-08-06,128096554.13
	2021-08-05,131360105.18
	2021-08-04,110105815.96
	2021-08-03,89009416.52
	2021-08-02,72532059.43
	2021-08-01,102135679.8
	2021-07-31,108650156.46
	2021-07-30,84558070.76
	2021-07-29,48985852.54
	2021-07-28,46356614.78
	2021-07-27,44760737.49
	2021-07-26,37065547.39
	2021-07-25,37233527.25
	2021-07-24,36184363.6
	2021-07-23,37361059.37
	2021-07-22,30140630.81
	2021-07-21,24777388.35
	2021-07-20,26922648.95
	2021-07-19,27886243.42
	2021-07-18,27304277.31
	2021-07-17,35316241.39
	2021-07-16,40717813.5
	2021-07-15,43439447.75
	2021-07-14,48892966.01
	2021-07-13,33251597.97
	2021-07-12,41546168.52
	2021-07-11,33135065.33
	2021-07-10,34212802.62
	2021-07-09,36096971.3
	2021-07-08,28745517.77
	2021-07-07,31967500.14
	2021-07-06,26086786.96
	2021-07-05,23784832.27
	2021-07-04,23994525.34
	2021-07-03,19451153.1
	2021-07-02,19060635.93
	2021-07-01,14852491.53
	2021-06-30,16902564.32
	2021-06-29,15797787.4
	2021-06-28,14660155.4
	2021-06-27,14228578.32
	2021-06-26,13355949.22
	2021-06-25,16503311.6
	2021-06-24,10973977.13
	2021-06-23,9880009.37
	2021-06-22,10688979.1
	2021-06-21,15729656.25
	2021-06-20,17701028.46
	2021-06-19,12523366.08
	2021-06-18,12496094.75
	2021-06-17,10457415.1
	2021-06-16,9947545.05
	2021-06-15,10906055.64
	2021-06-14,9306993.52
	2021-06-13,8010590.3
	2021-06-12,8827933.23
	2021-06-11,11764537.14
	2021-06-10,9748613.01
	2021-06-09,7275943.64
	2021-06-08,8791754.57
	2021-06-07,10101244.21
	2021-06-06,8623970.06
	2021-06-05,7979905.82
	2021-06-04,7975133.93
	2021-06-03,7235102.25
	2021-06-02,7215261.95
	2021-06-01,9289126.17
	2021-05-31,6958281.15
	2021-05-30,7301484.24
	2021-05-29,6381595.41
	2021-05-28,7531867.4
	2021-05-27,8834424.19
	2021-05-26,6016387.2
	2021-05-25,6684045.05
	2021-05-24,7274775.97
	2021-05-23,5419437.48
	2021-05-22,9724619.27
	2021-05-21,6334338.2
	2021-05-20,6341310.84
	2021-05-19,5074746.19
	2021-05-18,7809760
	2021-05-17,6705074.84
	2021-05-16,9175158.92
	2021-05-15,9717635
	2021-05-14,12711655.04
	2021-05-13,17057330.76
	2021-05-12,22922685.1
	2021-05-11,17936318.72
	2021-05-10,10855257.69
	2021-05-09,13367970.17
	2021-05-08,15178221.42
	2021-05-07,11416516.88
	2021-05-06,10581757.72
	2021-05-05,15154245.53
	2021-05-04,31670935.18
	2021-05-03,113404891.7
	2021-05-02,11548835.13
	2021-05-01,11434697.5
	2021-04-30,7987440.31
	2021-04-29,9133622.72
	2021-04-28,6147114.24
	2021-04-27,11397159.25
	2021-04-26,6460421.84
	2021-04-25,5128411.25
	2021-04-24,6045740.95
	2021-04-23,8213623.03
	2021-04-22,8908462.8
	2021-04-21,7425238.5
	2021-04-20,7381754.56
	2021-04-19,7993390.08
	2021-04-18,6898255.47
	2021-04-17,7748604.79
	2021-04-16,7998008.81
	2021-04-15,10242637.81
	2021-04-14,9516386.69
	2021-04-13,12813978.02
	2021-04-12,12643913.72
	2021-04-11,20203096.39
	2021-04-10,13723557.21
	2021-04-09,7978038.27
	2021-04-08,16607099.25
	2021-04-07,3334377.42
	2021-04-06,6188122.67
	2021-04-05,8306690.51
	2021-04-04,6509295.75
	2021-04-03,6247997.68
	2021-04-02,5428405.19
	2021-04-01,7070923.04
	2021-03-31,6323375.24
	2021-03-30,10949291.33
	2021-03-29,8949221.32
	2021-03-28,7321951.97
	2021-03-27,7626850.87
	2021-03-26,8707769.16
	2021-03-25,10939976.38
	2021-03-24,14095618.09
	2021-03-23,11218612.49
	2021-03-22,10037422.2
	2021-03-21,14089699.88
	2021-03-20,12181221.1
	2021-03-19,14712844.43
	2021-03-18,12563845.55
	2021-03-17,11891818.07
	2021-03-16,14325846.34
	2021-03-15,11299048.02
	2021-03-14,13261799.09
	2021-03-13,15083177.51
	2021-03-12,15249775.23
	2021-03-11,26101859.58
	2021-03-10,24179970.29
	2021-03-09,18234403.21
	2021-03-08,6327820.1
	2021-03-07,4228398.52
	2021-03-06,10880142.91
	2021-03-05,12589802.78
	2021-03-04,9896854.72
	2021-03-03,16344450.31
	2021-03-02,14208890.29
	2021-03-01,13964302.25
	2021-02-28,16965315.59
	2021-02-27,18322271.65
	2021-02-26,12425382.78
	2021-02-25,10723794.29
	2021-02-24,18513517.28
	2021-02-23,24504355.07
	2021-02-22,55548763.94
	2021-02-21,45622885.63
	2021-02-20,21616922.87
	2021-02-19,27310133.94
	2021-02-18,16793275.37
	2021-02-17,11958163.62
	2021-02-16,12752113.21
	2021-02-15,7238901.27
	2021-02-14,8448037.72
	2021-02-13,5989228.67
	2021-02-12,3484886.67
	2021-02-11,2239329.76
	2021-02-10,3309326.22
	2021-02-09,3598154.83
	2021-02-08,3793674.85
	2021-02-07,3587324.67
	2021-02-06,5401007.51
	2021-02-05,3322576.43
	2021-02-04,4145866.35
	2021-02-03,4400832.66
	2021-02-02,7416815.19
	2021-02-01,4988608.22
	2021-01-31,2888057.2
	2021-01-30,2724529.16
	2021-01-29,1988523.57
	2021-01-28,3667812.63
	2021-01-27,4198356.86
	2021-01-26,3174797.95
	2021-01-25,5566314.6
	2021-01-24,7310669.8
	2021-01-23,3432098.27
	2021-01-22,2705918.35
	2021-01-21,2345507.47
	2021-01-20,1554992.79
	2021-01-19,2209666.14
	2021-01-18,605312.84
	2021-01-17,1302702.3
	2021-01-16,1221121.66
	2021-01-15,731217.34
	2021-01-14,702445.95
	2021-01-13,787745.05
	2021-01-12,601412.25
	2021-01-11,433905.06
	2021-01-10,509911.32
	2021-01-09,633467.49
	2021-01-08,524596.75
	2021-01-07,572550.51
	2021-01-06,536268.33
	2021-01-05,808272.38
	2021-01-04,350287.01
	2021-01-03,300975.57
	2021-01-02,240056.82
	2021-01-01,303926.79
	2020-12-31,245937.36
	2020-12-30,446967.86
	2020-12-29,221817.8
	2020-12-28,181438.97
	2020-12-27,253654.51
	2020-12-26,320732.13
	2020-12-25,260553.31
	2020-12-24,302078.86
	2020-12-23,507203.73
	2020-12-22,517072.61
	2020-12-21,455174.41
	2020-12-20,188248.61
	2020-12-19,175991.54
	2020-12-18,253253.56
	2020-12-17,99129.7
	2020-12-16,101421.7
	2020-12-15,106411.4
	2020-12-14,146707.05
	2020-12-13,114453.01
	2020-12-12,131538.89
	2020-12-11,136240.58
	2020-12-10,104132.79
	2020-12-09,79904.87
	2020-12-08,119901
	2020-12-07,181894.11
	2020-12-06,141594.69
	2020-12-05,134618.06
	2020-12-04,126707.62
	2020-12-03,148842.86
	2020-12-02,145272.92
	2020-12-01,422451.74
	2020-11-30,153848.59
	2020-11-29,91837.17
	2020-11-28,102543.99
	2020-11-27,145682.65
	2020-11-26,110858.81
	2020-11-25,143946.3
	2020-11-24,144166.96
	2020-11-23,182699.15
	2020-11-22,118251.18
	2020-11-21,204236.49
	2020-11-20,131955.74
	2020-11-19,176641.76
	2020-11-18,153208.28
	2020-11-17,117277.81
	2020-11-16,221083.46
	2020-11-15,176761.35
	2020-11-14,146891.35
	2020-11-13,208824.47
	2020-11-12,152131.63
	2020-11-11,143252.73
	2020-11-10,193988.14
	2020-11-09,108472.98
	2020-11-08,121755.32
	2020-11-07,110428.94
	2020-11-06,240742.31
	2020-11-05,160412.64
	2020-11-04,120193.21
	2020-11-03,98197.05
	2020-11-02,112687.54
	2020-11-01,142664.79
	2020-10-31,110393.27
	2020-10-30,131491.52
	2020-10-29,154167.43
	2020-10-28,183663.61
	2020-10-27,180772.73
	2020-10-26,164097.43
	2020-10-25,139875.47
	2020-10-24,95974.9
	2020-10-23,145993.3
	2020-10-22,375480.37
	2020-10-21,161459.91
	2020-10-20,151057.64
	2020-10-19,203126.83
	2020-10-18,86736.25
	2020-10-17,104700.51
	2020-10-16,107621.01
	2020-10-15,118372.58
	2020-10-14,142819.36
	2020-10-13,124694.62
	2020-10-12,210633.11
	2020-10-11,195112.55
	2020-10-10,186122.8
	2020-10-09,311789.4
	2020-10-08,231609.89
	2020-10-07,264312.53
	2020-10-06,224034
	2020-10-05,214744.01
	2020-10-04,255369.24
	2020-10-03,228713.75
	2020-10-02,273454.59
	2020-10-01,223797.2
	2020-09-30,231985.76
	2020-09-29,417189.02
	2020-09-28,782527.1
	2020-09-27,418468.44
	2020-09-26,503936.07
	2020-09-25,414688.34
	2020-09-24,701473.47
	2020-09-23,162597.46
	2020-09-22,177181.53
	2020-09-21,70221.55
	2020-09-20,158931.06
	2020-09-19,130875.99
	2020-09-18,152092.8
	2020-09-17,131163.2
	2020-09-16,50253.02
	2020-09-15,207999.3
	2020-09-14,213012.34
	2020-09-13,110657.81
	2020-09-12,110680.35
	2020-09-11,160061.45
	2020-09-10,61788.44
	2020-09-09,67558.46
	2020-09-08,78103.21
	2020-09-07,63164.92
	2020-09-06,99554.06
	2020-09-05,46819.78
	2020-09-04,98868.72
	2020-09-03,59807.39
	2020-09-02,42143.74
	2020-09-01,20180
	2020-08-31,44765.28
	2020-08-30,46167.24
	2020-08-29,37984.23
	2020-08-28,131330.7
	2020-08-27,78763.42
	2020-08-26,68535.47
	2020-08-25,59233.28
	2020-08-24,36066.88
	2020-08-23,116619.99
	2020-08-22,31756.08
	2020-08-21,84232.69
	2020-08-20,59191.88
	2020-08-19,53870.16
	2020-08-18,72123.47
	2020-08-17,27398.04
	2020-08-16,46673.27
	2020-08-15,28379.37
	2020-08-14,70538.9
	2020-08-13,60751.41
	2020-08-12,45168.29
	2020-08-11,47945.62
	2020-08-10,49518.32
	2020-08-09,52561.71
	2020-08-08,96470.59
	2020-08-07,98629.27
	2020-08-06,30370.82
	2020-08-05,44359.75
	2020-08-04,51510.83
	2020-08-03,40006.43
	2020-08-02,32627.01
	2020-08-01,41701.89
	2020-07-31,77828.02
	2020-07-30,126090.47
	2020-07-29,42839.14
	2020-07-28,26210.91
	2020-07-27,34285.51
	2020-07-26,16537.38
	2020-07-25,39312.85
	2020-07-24,58628.24
	2020-07-23,56706.26
	2020-07-22,59617.74
	2020-07-21,30455.46
	2020-07-20,33241.88
	2020-07-19,36023.29
	2020-07-18,34383.48
	2020-07-17,79562.54
	2020-07-16,29622.14
	2020-07-15,49282.69
	2020-07-14,97598.96
	2020-07-13,16404.2
	2020-07-12,19404.07
	2020-07-11,29088.47
	2020-07-10,60698.5
	2020-07-09,84677.5
	2020-07-08,43388.29
	2020-07-07,29314.23
	2020-07-06,37123.87
	2020-07-05,16401.27
	2020-07-04,21005.04
	2020-07-03,16413.45
	2020-07-02,32829.5
	2020-07-01,26996.46
	2020-06-30,33834.15
	2020-06-29,18824.5
	2020-06-28,22163.38
	2020-06-27,26066.95
	2020-06-26,14123.07
	2020-06-25,21023.62
	2020-06-24,27104.37
	2020-06-23,33831.87
	2020-06-22,23310.06
	2020-06-21,22958.89
	2020-06-20,18490.39
	2020-06-19,41393.21
	2020-06-18,28274.68
	2020-06-17,36471.73
	2020-06-16,55486.1
	2020-06-15,41076.71
	2020-06-14,31153.2
	2020-06-13,23160.83
	2020-06-12,30966.76
	2020-06-11,21597.14
	2020-06-10,19337.15
	2020-06-09,42470.37
	2020-06-08,19026.69
	2020-06-07,27052.07
	2020-06-06,60214.58
	2020-06-05,28071
	2020-06-04,56583.77
	2020-06-03,40660.56
	2020-06-02,56056.43
	2020-06-01,38622.59
	2020-05-31,46150.32
	2020-05-30,24491.89
	2020-05-29,47264.16
	2020-05-28,44695.99
	2020-05-27,65233.81
	2020-05-26,55752.13
	2020-05-25,33131.75
	2020-05-24,78053.36
	2020-05-23,38458.78
	2020-05-22,63274.64
	2020-05-21,58885.1
	2020-05-20,99266.92
	2020-05-19,114605.85
	2020-05-18,54144.97
	2020-05-17,38493.59
	2020-05-16,56501.4
	2020-05-15,33693.63
	2020-05-14,44335.89
	2020-05-13,19422.81
	2020-05-12,41163.22
	2020-05-11,20427.74
	2020-05-10,19690.1
	2020-05-09,18711.41
	2020-05-08,24389.04
	2020-05-07,30177.3
	2020-05-06,15979.69
	2020-05-05,25692.55
	2020-05-04,27280.52
	2020-05-03,19307.98
	2020-05-02,20357.81
	2020-05-01,21046.54
	2020-04-30,21958.35
	2020-04-29,29970.45
	2020-04-28,19782.34
	2020-04-27,25697.29
	2020-04-26,35665.34
	2020-04-25,25314.87
	2020-04-24,21356.43
	2020-04-23,33450.86
	2020-04-22,20153.5
	2020-04-21,25178.42
	2020-04-20,22990.89
	2020-04-19,18229.66
	2020-04-18,14812.48
	2020-04-17,27791.54
	2020-04-16,17216.67
	2020-04-15,22052.03
	2020-04-14,21962.99
	2020-04-13,14228.76
	2020-04-12,15272.74
	2020-04-11,15226.8
	2020-04-10,18209.39
	2020-04-09,17834.51
	2020-04-08,20710.62
	2020-04-07,44519.45
	2020-04-06,25634.68
	2020-04-05,19929.56
	2020-04-04,16059.11
	2020-04-03,14337.57
	2020-04-02,13792.54
	2020-04-01,17821.67
	2020-03-31,43855.05
	2020-03-30,19336.5
	2020-03-29,13047.67
	2020-03-28,25363.83
	2020-03-27,16798.37
	2020-03-26,12725.93
	2020-03-25,22724.42
	2020-03-24,35307.08
	2020-03-23,8379.73
	2020-03-22,9116.09
	2020-03-21,26386.43
	2020-03-20,10269.49
	2020-03-19,21330.17
	2020-03-18,10937.93
	2020-03-17,32141.12
	2020-03-16,11811.64
	2020-03-15,14134.19
	2020-03-14,13203.94
	2020-03-13,44031.19
	2020-03-12,15827.35
	2020-03-11,43092.08
	2020-03-10,51247.36
	2020-03-09,27677.35
	2020-03-08,32042.13
	2020-03-07,41075.45
	2020-03-06,65597.45
	2020-03-05,23248.42
	2020-03-04,37125.41
	2020-03-03,84801.41
	2020-03-02,48618.59
	2020-03-01,28142.67
	2020-02-29,29980.81
	2020-02-28,59588.13
	2020-02-27,26256.08
	2020-02-26,43501.77
	2020-02-25,70301.37
	2020-02-24,39863.43
	2020-02-23,35816.89
	2020-02-22,43133.72
	2020-02-21,54275.28
	2020-02-20,32534.22
	2020-02-19,17931.86
	2020-02-18,68862.56
	2020-02-17,28557.41
	2020-02-16,41004.93
	2020-02-15,25864.11
	2020-02-14,37472.9
	2020-02-13,125195.7
	2020-02-12,44900.6
	2020-02-11,56444.84
	2020-02-10,27594.54
	2020-02-09,20928.75
	2020-02-08,27708.33
	2020-02-07,70658.21
	2020-02-06,186982.23
	2020-02-05,58513.26
	2020-02-04,59519.2
	2020-02-03,13788.11
	2020-02-02,10743.08
	2020-02-01,22187.18
	2020-01-31,42517.28
	2020-01-30,10166.76
	2020-01-29,19553.44
	2020-01-28,33620.14
	2020-01-27,21894.93
	2020-01-26,8311.85
	2020-01-25,12235.63
	2020-01-24,52250.15
	2020-01-23,80462.14
	2020-01-22,14532.62
	2020-01-21,29463
	2020-01-20,11889
	2020-01-19,15478.68
	2020-01-18,22162.35
	2020-01-17,61495.1
	2020-01-16,25242.02
	2020-01-15,26020.77
	2020-01-14,54118.03
	2020-01-13,24030.32
	2020-01-12,20308.2
	2020-01-11,30624.33
	2020-01-10,53580.34
	2020-01-09,23186.62
	2020-01-08,103577.19
	2020-01-07,56428.35
	2020-01-06,57129.09
	2020-01-05,45104.74
	2020-01-04,92069.49
	2020-01-03,29385.57
	2020-01-02,39567.18
	2020-01-01,31694.74
	2019-12-31,18726.27
	2019-12-30,27517.41
	2019-12-29,42260.95
	2019-12-28,23680.32
	2019-12-27,29199.41
	2019-12-26,33454.28
	2019-12-25,17030.41
	2019-12-24,14884.27
	2019-12-23,7001.76
	2019-12-22,11200.62
	2019-12-21,12213.74
	2019-12-20,13508.97
	2019-12-19,12123.99
	2019-12-18,14101.26
	2019-12-17,16917.98
	2019-12-16,15573.57
	2019-12-15,14903.94
	2019-12-14,20439.73
	2019-12-13,14687.5
	2019-12-12,18831.78
	2019-12-11,22733.71
	2019-12-10,31757.97
	2019-12-09,55022.45
	2019-12-08,35421.94
	2019-12-07,42733.2
	2019-12-06,31221.16
	2019-12-05,56198.94
	2019-12-04,33730.13
	2019-12-03,73586.47
	2019-12-02,35435.93
	2019-12-01,53926.89
	2019-11-30,47552.2
	2019-11-29,63339.91
	2019-11-28,49064.41
	2019-11-27,45569.5
	2019-11-26,36669.98
	2019-11-25,31167.17
	2019-11-24,61228.2
	2019-11-23,63963.01
	2019-11-22,81432.79
	2019-11-21,16145.53
	2019-11-20,7852.51
	2019-11-19,4172.31
	2019-11-18,2145.05
	2019-11-17,2431.87
	2019-11-16,15692.15
	2019-11-15,1010.9
	2019-11-14,2341.57
	2019-11-13,3588.66
	2019-11-12,1960.4
	2019-11-11,1115.64
	2019-11-10,1801.12
	2019-11-09,3766.78
	2019-11-08,4740.21
	2019-11-07,2742.82
	2019-11-06,4514.94
	2019-11-05,2273.07
	2019-11-04,2847.28
	2019-11-03,2294.41
	2019-11-02,2992.04
	2019-11-01,2345.98
	2019-10-31,6083.87
	2019-10-30,2422.83
	2019-10-29,4137.42
	2019-10-28,5201.85
	2019-10-27,3872.79
	2019-10-26,3142.11
	2019-10-25,2230.97
	2019-10-24,1521.61
	2019-10-23,1940.25
	2019-10-22,3058.35
	2019-10-21,4188.48
	2019-10-20,1960.19
	2019-10-19,3334.73
	2019-10-18,3139.06
	2019-10-17,3413.44
	2019-10-16,2167.45
	2019-10-15,1760.9
	2019-10-14,2827.96
	2019-10-13,1669.05
	2019-10-12,2779.16
	2019-10-11,1457.54
	2019-10-10,3172.24
	2019-10-09,2334.85
	2019-10-08,2802.27
	2019-10-07,2239.19
	2019-10-06,7028.44
	2019-10-05,810.87
	2019-10-04,1718.57
	2019-10-03,2181.33
	2019-10-02,978.15
	2019-10-01,2314.23
	2019-09-30,4028.81
	2019-09-29,1164.7
	2019-09-28,1788.05
	2019-09-27,1562.64
	2019-09-26,2299.74
	2019-09-25,2297.19
	2019-09-24,6637.38
	2019-09-23,4224.02
	2019-09-22,905.86
	2019-09-21,2126.88
	2019-09-20,1717.75
	2019-09-19,2777.33
	2019-09-18,3770.21
	2019-09-17,1995.37
	2019-09-16,3782.3
	2019-09-15,4509
	2019-09-14,1736.83
	2019-09-13,2479.87
	2019-09-12,5289.63
	2019-09-11,4502.86
	2019-09-10,1539.72
	2019-09-09,2819.87
	2019-09-08,1014.42
	2019-09-07,1557.97
	2019-09-06,4408.11
	2019-09-05,2570.41
	2019-09-04,1844.07
	2019-09-03,2827.4
	2019-09-02,4622.52
	2019-09-01,3015.05
	2019-08-31,8279.72
	2019-08-30,1419.62
	2019-08-29,2777.53
	2019-08-28,3963.43
	2019-08-27,1424.07
	2019-08-26,982.31
	2019-08-25,1364.73
	2019-08-24,1024.47
	2019-08-23,2423.76
	2019-08-22,3829.93
	2019-08-21,3302.13
	2019-08-20,3235.67
	2019-08-19,1657.87
	2019-08-18,5127.52
	2019-08-17,4320.44
	2019-08-16,6119.77
	2019-08-15,3054.39
	2019-08-14,3931.39
	2019-08-13,3779.36
	2019-08-12,4191.38
	2019-08-11,4385.11
	2019-08-10,2576.32
	2019-08-09,3666.76
	2019-08-08,3306.44
	2019-08-07,5589.29
	2019-08-06,6715.91
	2019-08-05,2874.74
	2019-08-04,3736.93
	2019-08-03,2846.08
	2019-08-02,3445.1
	2019-08-01,4052.64
	2019-07-31,3609.43
	2019-07-30,1849.27
	2019-07-29,3641.12
	2019-07-28,2219.8
	2019-07-27,2192.88
	2019-07-26,4942.83
	2019-07-25,3461.29
	2019-07-24,2319.7
	2019-07-23,4138.34
	2019-07-22,1489.33
	2019-07-21,3167.87
	2019-07-20,3749.36
	2019-07-19,2860.87
	2019-07-18,3423.99
	2019-07-17,4627.84
	2019-07-16,506.64
	2019-07-15,2043
	2019-07-14,2828.76
	2019-07-13,2541.14
	2019-07-12,3308.18
	2019-07-11,5282.26
	2019-07-10,5158.17
	2019-07-09,5523.37
	2019-07-08,4358.34
	2019-07-07,8368.05
	2019-07-06,3541.89
	2019-07-05,6354.89
	2019-07-04,12776.53
	2019-07-03,5139.8
	2019-07-02,5111.07
	2019-07-01,3180.65
	2019-06-30,10878.42
	2019-06-29,6812.55
	2019-06-28,4843.37
	2019-06-27,4794.8
	2019-06-26,3741.47
	2019-06-25,2529.6
	2019-06-24,7800.22
	2019-06-23,16387.17
	2019-06-22,6877.84
	2019-06-21,10884.88
	2019-06-20,10592.49
	2019-06-19,7543.39
	2019-06-18,9400.25
	2019-06-17,9438.22
	2019-06-16,7687.87
	2019-06-15,7246.58
	2019-06-14,5500.71
	2019-06-13,7156.02
	2019-06-12,6545.73
	2019-06-11,4709.13
	2019-06-10,8279.96
	2019-06-09,6523.83
	2019-06-08,5841.66
	2019-06-07,6159.03
	2019-06-06,8702.08
	2019-06-05,11593.12
	2019-06-04,6095.88
	2019-06-03,10186.65
	2019-06-02,12658.74
	2019-06-01,7719.15
	2019-05-31,13012.23
	2019-05-30,9532.44
	2019-05-29,5849.15
	2019-05-28,6311.94
	2019-05-27,11073.48
	2019-05-26,9728.35
	2019-05-25,7491.95
	2019-05-24,11118.59
	2019-05-23,23598.43
	2019-05-22,8284.96
	2019-05-21,6925.88
	2019-05-20,6715.37
	2019-05-19,4244.23
	2019-05-18,9096.05
	2019-05-17,6738.12
	2019-05-16,11309.22
	2019-05-15,30228.58
	2019-05-14,4797.96
	2019-05-13,7223.3
	2019-05-12,3654.83
	2019-05-11,13299.66
	2019-05-10,15408.12
	2019-05-09,5593.37
	2019-05-08,5282.98
	2019-05-07,8061.18
	2019-05-06,5368.94
	2019-05-05,19462.19
	2019-05-04,8043.81
	2019-05-03,8838.53
	2019-05-02,8311.59
	2019-05-01,5441.45
	2019-04-30,6258.34
	2019-04-29,6041.99
	2019-04-28,6455.57
	2019-04-27,12257.54
	2019-04-26,12236.32
	2019-04-25,3080.14
	2019-04-24,21139.18
	2019-04-23,11247.88
	2019-04-22,10410.87
	2019-04-21,10760.67
	2019-04-20,8506.37
	2019-04-19,10803.71
	2019-04-18,20756.47
	2019-04-17,8478.7
	2019-04-16,10799.14
	2019-04-15,12313.21
	2019-04-14,7863.68
	2019-04-13,7015.74
	2019-04-12,6167.1
	2019-04-11,10492.72
	2019-04-10,9998.25
	2019-04-09,12052.39
	2019-04-08,15051.05
	2019-04-07,11754.97
	2019-04-06,14072.04
	2019-04-05,5230.97
	2019-04-04,5786.6
	2019-04-03,5486.89
	2019-04-02,18699.55
	2019-04-01,25202.35
	2019-03-31,16957.4
	2019-03-30,8373.77
	2019-03-29,10052.94
	2019-03-28,9592.97
	2019-03-27,9878.08
	2019-03-26,16003.6
	2019-03-25,9573.68
	2019-03-24,5485.82
	2019-03-23,21010.03
	2019-03-22,11029.55
	2019-03-21,4411.43
	2019-03-20,13630.21
	2019-03-19,10308.68
	2019-03-18,6349.96
	2019-03-17,9676.4
	2019-03-16,10858.1
	2019-03-15,7200.26
	2019-03-14,6361.91
	2019-03-13,7433.86
	2019-03-12,12054.19
	2019-03-11,10675.41
	2019-03-10,9430.61
	2019-03-09,7800.73
	2019-03-08,20032.07
	2019-03-07,18142.72
	2019-03-06,13559.1
	2019-03-05,15568.12
	2019-03-04,20221.06
	2019-03-03,10290.08
	2019-03-02,7295.23
	2019-03-01,10137.23
	2019-02-28,7925.71
	2019-02-27,3374.37
	2019-02-26,4465.68
	2019-02-25,2916.99
	2019-02-24,3111.41
	2019-02-23,3451.8
	2019-02-22,6377.24
	2019-02-21,4512.98
	2019-02-20,3795.9
	2019-02-19,2623.61
	2019-02-18,3191.81
	2019-02-17,7881.83
	2019-02-16,5872.05
	2019-02-15,4571.05
	2019-02-14,2939.6
	2019-02-13,3686
	2019-02-12,3793.06
	2019-02-11,5384.11
	2019-02-10,6372.33
	2019-02-09,5083.28
	2019-02-08,3337.3
	2019-02-07,2158.7
	2019-02-06,2685.4
	2019-02-05,1477.98
	2019-02-04,2514.09
	2019-02-03,1946.56
	2019-02-02,2849.84
	2019-02-01,3342.54
	2019-01-31,2959
	2019-01-30,3887.98
	2019-01-29,3669.5
	2019-01-28,5560.81
	2019-01-27,5865.38
	2019-01-26,6119.8
	2019-01-25,6233.72
	2019-01-24,6120.36
	2019-01-23,6542.82
	2019-01-22,3093.12
	2019-01-21,3493.07
	2019-01-20,5892.15
	2019-01-19,4893.34
	2019-01-18,5002.77
	2019-01-17,15151.59
	2019-01-16,2530.48
	2019-01-15,3075.24
	2019-01-14,2922.27
	2019-01-13,3649.14
	2019-01-12,5401.16
	2019-01-11,7924.99
	2019-01-10,5572.19
	2019-01-09,2186.58
	2019-01-08,9566.93
	2019-01-07,13542.86
	2019-01-06,3131.19
	2019-01-05,1879.77
	2019-01-04,4858.69
	2019-01-03,3922.37
	2019-01-02,3591.61
	2019-01-01,2875.58
	2018-12-31,4890.96
	2018-12-30,3433.42
	2018-12-29,3738.37
	2018-12-28,4755.35
	2018-12-27,2658.29
	2018-12-26,6871.95
	2018-12-25,3927.71
	2018-12-24,5954.47
	2018-12-23,4386
	2018-12-22,5457.95
	2018-12-21,5669.88
	2018-12-20,5551.66
	2018-12-19,3673.54
	2018-12-18,3226.93
	2018-12-17,3448.95
	2018-12-16,6586.94
	2018-12-15,2857.07
	2018-12-14,2607.16
	2018-12-13,3770.41
	2018-12-12,3415.98
	2018-12-11,4293.35
	2018-12-10,3012.28
	2018-12-09,4388.38
	2018-12-08,5534.89
	2018-12-07,7313.68
	2018-12-06,7609.54
	2018-12-05,8702.86
	2018-12-04,7156.23
	2018-12-03,5011.5
	2018-12-02,5272.3
	2018-12-01,20121.62
	2018-11-30,27225.14
	2018-11-29,15393
	2018-11-28,20254.13
	2018-11-27,20538.1
	2018-11-26,17379.29
	2018-11-25,20295.81
	2018-11-24,13249.69
	2018-11-23,16968.93
	2018-11-22,17982.96
	2018-11-21,17552.5
	2018-11-20,20980.7
	2018-11-19,12712.46
	2018-11-18,17932.1
	2018-11-17,13000.35
	2018-11-16,22624.53
	2018-11-15,21085.18
	2018-11-14,23710.88
	2018-11-13,19039.28
	2018-11-12,10685.13
	2018-11-11,14910.24
	2018-11-10,16542.7
	2018-11-09,15233.65
	2018-11-08,16635.58
	2018-11-07,14116.67
	2018-11-06,21056.42
	2018-11-05,20545.83
	2018-11-04,20007.54
	2018-11-03,14167.15
	2018-11-02,19220.02
	2018-11-01,32191.46
	2018-10-31,13841.48
	2018-10-30,14677.19
	2018-10-29,10699.4
	2018-10-28,12286.81
	2018-10-27,12929.6
	2018-10-26,9911.48
	2018-10-25,15479.98
	2018-10-24,10149.11
	2018-10-23,11406.03
	2018-10-22,11257.62
	2018-10-21,12912.98
	2018-10-20,10328.92
	2018-10-19,15050.93
	2018-10-18,21835.19
	2018-10-17,12889.74
	2018-10-16,13104.05
	2018-10-15,27690.43
	2018-10-14,9863.96
	2018-10-13,11464.66
	2018-10-12,18497.65
	2018-10-11,15174.36
	2018-10-10,12917.15
	2018-10-09,13352.92
	2018-10-08,11514.9
	2018-10-07,24714.34
	2018-10-06,17668.13
	2018-10-05,20270.01
	2018-10-04,18099.37
	2018-10-03,19365.95
	2018-10-02,27264.07
	2018-10-01,16274.74
	2018-09-30,18488.22
	2018-09-29,28355.57
	2018-09-28,16724.52
	2018-09-27,17571.66
	2018-09-26,18000.09
	2018-09-25,15230.53
	2018-09-24,18010.87
	2018-09-23,32136.96
	2018-09-22,16992.86
	2018-09-21,17089.56
	2018-09-20,19765.02
	2018-09-19,12193.29
	2018-09-18,20236.5
	2018-09-17,16407.12
	2018-09-16,19361.23
	2018-09-15,28330.62
	2018-09-14,18950.83
	2018-09-13,13377.47
	2018-09-12,39999.24
	2018-09-11,37667.25
	2018-09-10,19061.13
	2018-09-09,35964.8
	2018-09-08,62269.64
	2018-09-07,25548.37
	2018-09-06,15725.67
	2018-09-05,35244.65
	2018-09-04,182559.73
	2018-09-03,15763.02
	2018-09-02,13637.9
	2018-09-01,15196.14
	2018-08-31,15585.88
	2018-08-30,19140.77
	2018-08-29,28305.07
	2018-08-28,22179.26
	2018-08-27,34178.26
	2018-08-26,15953.25
	2018-08-25,14841.29
	2018-08-24,20264.93
	2018-08-23,69638.83
	2018-08-22,21253.55
	2018-08-21,25019.47
	2018-08-20,16696.31
	2018-08-19,31453.63
	2018-08-18,31188.07
	2018-08-17,27699.25
	2018-08-16,9260.62
	2018-08-15,15868.5
	2018-08-14,20861.13
	2018-08-13,7697.28
	2018-08-12,5567.9
	2018-08-11,8220.38
	2018-08-10,5702.25
	2018-08-09,6772.58
	2018-08-08,6102.76
	2018-08-07,6138.29
	2018-08-06,5486.83
	2018-08-05,4592.7
	2018-08-04,5200.94
	2018-08-03,10034.55
	2018-08-02,6476.6
	2018-08-01,6356.04
	2018-07-31,6128.2
	2018-07-30,7172.67
	2018-07-29,9423.55
	2018-07-28,8540.62
	2018-07-27,11511.92
	2018-07-26,10555
	2018-07-25,10104.09
	2018-07-24,12018.13
	2018-07-23,7019.91
	2018-07-22,6565.43
	2018-07-21,10419.13
	2018-07-20,9888.11
	2018-07-19,6681.06
	2018-07-18,15056.83
	2018-07-17,7381.79
	2018-07-16,6502.61
	2018-07-15,8509.36
	2018-07-14,7117.45
	2018-07-13,7506.59
	2018-07-12,6881.59
	2018-07-11,6999.4
	2018-07-10,7091.6
	2018-07-09,5274.64
	2018-07-08,6389.66
	2018-07-07,3659.57
	2018-07-06,6258.82
	2018-07-05,8691.46
	2018-07-04,8143.78
	2018-07-03,7650.61
	2018-07-02,4849.94
	2018-07-01,7063.35
	2018-06-30,6708.26
	2018-06-29,7397.16
	2018-06-28,6250.27
	2018-06-27,7863.45
	2018-06-26,17654.32
	2018-06-25,6423.91
	2018-06-24,8749.6
	2018-06-23,9131.28
	2018-06-22,8418.48
	2018-06-21,11146
	2018-06-20,10554.77
	2018-06-19,11446.95
	2018-06-18,9483.79
	2018-06-17,13419.17
	2018-06-16,8019.75
	2018-06-15,7656.04
	2018-06-14,8156.87
	2018-06-13,12269.84
	2018-06-12,7285.41
	2018-06-11,9892.72
	2018-06-10,9622.12
	2018-06-09,11211.5
	2018-06-08,22977.58
	2018-06-07,11170.93
	2018-06-06,10342.92
	2018-06-05,12014.65
	2018-06-04,14619.77
	2018-06-03,20761.96
	2018-06-02,49520.58
	2018-06-01,14857.25
	2018-05-31,15385.37
	2018-05-30,16431.27
	2018-05-29,14839.59
	2018-05-28,12515.05
	2018-05-27,14303.7
	2018-05-26,16128.09
	2018-05-25,20705.87
	2018-05-24,19039.58
	2018-05-23,8557.87
	2018-05-22,13266.42
	2018-05-21,14528.03
	2018-05-20,17532.11
	2018-05-19,17337.65
	2018-05-18,30560.72
	2018-05-17,12969.59
	2018-05-16,22555.57
	2018-05-15,13335.41
	2018-05-14,17238.69
	2018-05-13,13836.81
	2018-05-12,16222.76
	2018-05-11,34651.31
	2018-05-10,28509.69
	2018-05-09,18222.42
	2018-05-08,21163.28
	2018-05-07,28557.75
	2018-05-06,21104.87
	2018-05-05,35020.4
	2018-05-04,26186.55
	2018-05-03,17464.76
	2018-05-02,23159.44
	2018-05-01,14935.26
	2018-04-30,16825.06
	2018-04-29,16124.87
	2018-04-28,20277.07
	2018-04-27,18573.32
	2018-04-26,19671.42
	2018-04-25,35426.07
	2018-04-24,23959.72
	2018-04-23,21697.48
	2018-04-22,14580.93
	2018-04-21,17606.62
	2018-04-20,25389.23
	2018-04-19,23518.37
	2018-04-18,21629.78
	2018-04-17,34868.9
	2018-04-16,27496.16
	2018-04-15,22239.3
	2018-04-14,31676.39
	2018-04-13,31100.17
	2018-04-12,30989.58
	2018-04-11,26799.92
	2018-04-10,25726.21
	2018-04-09,23269.23
	2018-04-08,20408.64
	2018-04-07,16601.41
	2018-04-06,22162.51
	2018-04-05,22935.6
	2018-04-04,20775.29
	2018-04-03,18382.34
	2018-04-02,19346.31
	2018-04-01,15069.51
	2018-03-31,20295.54
	2018-03-30,21420.44
	2018-03-29,20363.19
	2018-03-28,12097.28
	2018-03-27,23947.07
	2018-03-26,23685.49
	2018-03-25,18295.1
	2018-03-24,22852.52
	2018-03-23,26200.99
	2018-03-22,27072.34
	2018-03-21,22008.26
	2018-03-20,31357.05
	2018-03-19,15184.32
	2018-03-18,19374.27
	2018-03-17,23670.75
	2018-03-16,27241.32
	2018-03-15,24907.18
	2018-03-14,26290.15
	2018-03-13,23259.59
	2018-03-12,34661.42
	2018-03-11,28237.61
	2018-03-10,29728.94
	2018-03-09,38596.81
	2018-03-08,42252.26
	2018-03-07,76263
	2018-03-06,49327.48
	2018-03-05,46206.37
	2018-03-04,46612.27
	2018-03-03,40097.58
	2018-03-02,67809.97
	2018-03-01,57939.89
	2018-02-28,71742.07
	2018-02-27,114575.14
	2018-02-26,94370.06
	2018-02-25,67124.33
	2018-02-24,99816.99
	2018-02-23,116332.28
	2018-02-22,54525.43
	2018-02-21,60566.34
	2018-02-20,78683.46
	2018-02-19,259944.76
	2018-02-18,99488.22
	2018-02-17,138620.47
	2018-02-16,114923.02
	2018-02-15,476346.51
	2018-02-14,642751.9
	2018-02-13,102064.76
	2018-02-12,42786.37
	2018-02-11,45307.93
	2018-02-10,24138.89
	2018-02-09,61713.71
	2018-02-08,24667.78
	2018-02-07,24168.38
	2018-02-06,23789.06
	2018-02-05,16728.98
	2018-02-04,15750.64
	2018-02-03,22230.3
	2018-02-02,23699.53
	2018-02-01,14511.7
	2018-01-31,70686.47
	2018-01-30,37513.62
	2018-01-29,28323.52
	2018-01-28,33927.83
	2018-01-27,40967.28
	2018-01-26,25745.54
	2018-01-25,21297.95
	2018-01-24,24477.71
	2018-01-23,25178.31
	2018-01-22,26780.45
	2018-01-21,42445.99
	2018-01-20,71487.34
	2018-01-19,105336.28
	2018-01-18,33126.76
	2018-01-17,30802.34
	2018-01-16,37119.76
	2018-01-15,44872.35
	2018-01-14,54108.85
	2018-01-13,42084.36
	2018-01-12,38957.44
	2018-01-11,40711.15
	2018-01-10,40125.08
	2018-01-09,33556.66
	2018-01-08,49087.2
	2018-01-07,42330.6
	2018-01-06,70970.61
	2018-01-05,30889.39
	2018-01-04,39390.25
	2018-01-03,37516.82
	2018-01-02,67302.41
	2018-01-01,73437.85
	2017-12-31,81646.45
	2017-12-30,49978.91
	2017-12-29,63306.68
	2017-12-28,70704.15
	2017-12-27,72224.71
	2017-12-26,77970.53
	2017-12-25,90694.18
	2017-12-24,86598.02
	2017-12-23,100051.75
	2017-12-22,87196.32
	2017-12-21,176688.74
	2017-12-20,174608.01
	2017-12-19,221009.23
	2017-12-18,225604.5
	2017-12-17,311343.69
	2017-12-16,359226.94
	2017-12-15,365566.85
	2017-12-14,429297.52
	2017-12-13,475324.29
	2017-12-12,621067.62
	2017-12-11,866764.4
	2017-12-10,993161.17
	2017-12-09,1607507.41
	2017-12-08,1829125.87
	2017-12-07,1488519.13
	2017-12-06,1727345.91
	2017-12-05,2207494.38
	2017-12-04,2015655.91
	2017-12-03,1592423.73
	2017-12-02,300133.85
	2017-12-01,36572.08
	2017-11-30,21724.12
	2017-11-29,25080.29
	2017-11-28,10491.87
	2017-11-27,1287.47
	2017-11-26,2040.82
	2017-11-25,1645.6
	2017-11-24,4174.48
	2017-11-23,4652.22
	2017-11-22,405.33
	2017-11-20,110.87
	2017-11-19,72.55
	2017-11-15,135.62
	2017-11-13,129.95
	2017-11-12,90.58
	2017-11-09,146.94
	2017-11-07,262.85
	2017-11-03,87.01
	2017-11-02,110.96
	2017-11-01,110.4
	2017-10-31,222.47
	2017-10-30,217.37
	2017-10-29,21.3
	2017-10-28,177.04
	2017-10-27,59.42
	2017-10-26,388.14
	2017-10-25,44.69
	2017-10-21,77.99
	2017-10-19,125.07
	2017-10-15,358.27
	2017-10-13,530.08
	2017-10-12,120.02
	2017-10-11,66.45
	2017-10-09,26.66
	2017-10-07,93.57
	2017-10-04,58.43
	2017-10-01,454.38
	2017-09-29,451.76
	2017-09-28,81.22
	2017-09-27,124.15
	2017-09-26,310.39
	2017-09-24,56.94
	2017-09-23,279.35
	2017-09-21,280.73
	2017-09-20,379.9
	2017-09-19,298.92
	2017-09-18,142.34
	2017-09-17,65.25
	2017-09-16,213.04
	2017-09-12,82.3
	2017-09-11,140.06
	2017-09-10,207.92
	2017-09-08,77.5
	2017-09-04,328.92
	2017-09-02,1120.65
	2017-09-01,513
	2017-08-31,104.93
	2017-08-30,177.14
	2017-08-29,93.32
	2017-08-28,1038.12
	2017-08-27,121.56
	2017-08-25,357.31
	2017-08-23,155.78
	2017-08-22,125.87
	2017-08-21,667.79
	2017-08-20,372.04
	2017-08-19,117.6
	2017-08-17,238.53
	2017-08-16,135.26
	2017-08-15,334.03
	2017-08-14,509.83
	2017-08-13,804.97
	2017-08-12,913.85
	2017-08-11,792.69
	2017-08-10,90.43
	2017-08-09,360.59
	2017-08-08,995.48
	2017-08-07,76.85
	2017-08-05,1543.43
	2017-08-04,90.8
	2017-08-03,4347.5
	2017-08-02,522.2
	2017-08-01,45.15
	2017-07-31,274
	2017-07-30,1003.54
	2017-07-29,1424.77
	2017-07-28,313.63
	2017-07-27,226.48
	2017-07-26,317.86
	2017-07-25,828.51
	2017-07-24,1623.43
	2017-07-23,737.45
	2017-07-22,773.01
	2017-07-21,2523.11
	2017-07-20,1721.93
	2017-07-19,2808.81
	2017-07-18,3998.08
	2017-07-17,1628.2
	2017-07-16,316.45
	2017-07-15,394.03
	2017-07-14,408.23
	2017-07-13,5000.99
	2017-07-12,1431.03
	2017-07-11,6386.05
	2017-07-10,5598.93
	2017-07-09,1888.65
	2017-07-08,2959.66
	2017-07-07,7424.98
	2017-07-06,7433.1
	2017-07-05,1443.14
	2017-07-04,13321.61
	2017-07-03,8058.37
	2017-07-02,3116.63
	2017-07-01,3726.54
	2017-06-30,1774.59
	2017-06-29,2301.79
	2017-06-28,1430.7
	2017-06-27,2090.85
	2017-06-26,1076.49
	2017-06-25,593.68
	2017-06-24,845.73
	2017-06-23,1455.93
	DateTime,"Sales (USD) (y)"
